section,name,venue,date_text,link,scraped_at_sgt,event_id
div[30]/div/div[2],PLAYBACK PUNK ROCK AND EMO MUSIC FESTIVAL - MAY 8,SM Mall Of Asia Arena,"PLAYBACK PUNK ROCK AND EMO MUSIC FESTIVAL - MAY 8
SM Mall Of Asia Arena
MAY 08, 2026
BUY TICKETS",https://smtickets.com/events/view/15886,2025-11-06T13:31:42+08:00,"div[30]/div/div[2]|playback punk rock and emo music festival - may 8|sm mall of asia arena|playback punk rock and emo music festival - may 8
sm mall of asia arena
may 08, 2026
buy tickets|https://smtickets.com/events/view/15886"
div[30]/div/div[2],2026 RIIZE CONCERT TOUR RIIZING LOUD IN MANILA,SM Mall Of Asia Arena,"2026 RIIZE CONCERT TOUR RIIZING LOUD IN MANILA
SM Mall Of Asia Arena
JAN 17, 2026
BUY TICKETS",https://smtickets.com/events/view/15532,2025-11-06T13:31:42+08:00,"div[30]/div/div[2]|2026 riize concert tour riizing loud in manila|sm mall of asia arena|2026 riize concert tour riizing loud in manila
sm mall of asia arena
jan 17, 2026
buy tickets|https://smtickets.com/events/view/15532"
div[30]/div/div[2],ISRAEL HOUGHTON 2026,SM Mall Of Asia Arena,"ISRAEL HOUGHTON 2026
SM Mall Of Asia Arena
JAN 18, 2026
BUY TICKETS",https://smtickets.com/events/view/15982,2025-11-06T13:31:42+08:00,"div[30]/div/div[2]|israel houghton 2026|sm mall of asia arena|israel houghton 2026
sm mall of asia arena
jan 18, 2026
buy tickets|https://smtickets.com/events/view/15982"
div[30]/div/div[2],BROKEN HEARTS CLUB CONCERT,SM Mall Of Asia Arena,"BROKEN HEARTS CLUB CONCERT
SM Mall Of Asia Arena
JAN 07, 2026
BUY TICKETS",https://smtickets.com/events/view/15890,2025-11-06T13:31:43+08:00,"div[30]/div/div[2]|broken hearts club concert|sm mall of asia arena|broken hearts club concert
sm mall of asia arena
jan 07, 2026
buy tickets|https://smtickets.com/events/view/15890"
div[31]/div/div[2],SPACE AND TIME CUBE MUSEUM,Ground Floor S' Maison Seaside Blvd.,"SPACE AND TIME CUBE MUSEUM
Ground Floor S' Maison Seaside Blvd.
JUN 22, 2024 - NOV 30, 2025
BUY TICKETS",https://smtickets.com/events/view/13315,2025-11-06T13:31:58+08:00,"div[31]/div/div[2]|space and time cube museum|ground floor s' maison seaside blvd.|space and time cube museum
ground floor s' maison seaside blvd.
jun 22, 2024 - nov 30, 2025
buy tickets|https://smtickets.com/events/view/13315"
div[31]/div/div[2],The 1 9 Tour by eaJ in Manila,"Samsung Hall, SM Aura Premier","The 1 9 Tour by eaJ in Manila
Samsung Hall, SM Aura Premier
NOV 16, 2025
BUY TICKETS",https://smtickets.com/events/view/15670,2025-11-06T13:31:58+08:00,"div[31]/div/div[2]|the 1 9 tour by eaj in manila|samsung hall, sm aura premier|the 1 9 tour by eaj in manila
samsung hall, sm aura premier
nov 16, 2025
buy tickets|https://smtickets.com/events/view/15670"
div[31]/div/div[2],WONDERFUL MOMENTS MUSIC FESTIVAL,SMDC Festival Grounds,"WONDERFUL MOMENTS MUSIC FESTIVAL
SMDC Festival Grounds
DEC 06, 2025 - DEC 07, 2025
BUY TICKETS",https://smtickets.com/events/view/15881,2025-11-06T13:31:58+08:00,"div[31]/div/div[2]|wonderful moments music festival|smdc festival grounds|wonderful moments music festival
smdc festival grounds
dec 06, 2025 - dec 07, 2025
buy tickets|https://smtickets.com/events/view/15881"
div[31]/div/div[2],2025 NAM WOO HYUN CONCERT - TREE HIGH SCHOOL - IN MANILA,"Samsung Hall, SM Aura Premier","2025 NAM WOO HYUN CONCERT - TREE HIGH SCHOOL - IN MANILA
Samsung Hall, SM Aura Premier
NOV 15, 2025
BUY TICKETS",https://smtickets.com/events/view/15577,2025-11-06T13:31:58+08:00,"div[31]/div/div[2]|2025 nam woo hyun concert - tree high school - in manila|samsung hall, sm aura premier|2025 nam woo hyun concert - tree high school - in manila
samsung hall, sm aura premier
nov 15, 2025
buy tickets|https://smtickets.com/events/view/15577"
div[30]/div/div[2],IV OF SPADES LIVE AT THE MOA ARENA - DEC 13,SM Mall Of Asia Arena,"IV OF SPADES LIVE AT THE MOA ARENA - DEC 13
SM Mall Of Asia Arena
DEC 13, 2025
BUY TICKETS",https://smtickets.com/events/view/15983,2025-11-10T10:47:47+08:00,"div[30]/div/div[2]|iv of spades live at the moa arena - dec 13|sm mall of asia arena|iv of spades live at the moa arena - dec 13
sm mall of asia arena
dec 13, 2025
buy tickets|https://smtickets.com/events/view/15983"
div[31]/div/div[2],UNDEROATH LIVE IN MANILA,"SKYDOME, SM City North Edsa","UNDEROATH LIVE IN MANILA
SKYDOME, SM City North Edsa
FEB 12, 2026
BUY TICKETS",https://smtickets.com/events/view/16078,2025-11-17T10:56:28+08:00,"div[31]/div/div[2]|underoath live in manila|skydome, sm city north edsa|underoath live in manila
skydome, sm city north edsa
feb 12, 2026
buy tickets|https://smtickets.com/events/view/16078"
div[31]/div/div[2],ALL-4-ONE LIVE IN DAVAO,"SMX Convention Center DAVAO, 3rd Floor SM Lanang Premier, J.P. Laurel Avenue, Lanang, Davao","ALL-4-ONE LIVE IN DAVAO
SMX Convention Center DAVAO, 3rd Floor SM Lanang Premier, J.P. Laurel Avenue, Lanang, Davao
DEC 15, 2025
BUY TICKETS",https://smtickets.com/events/view/16118,2025-11-17T10:56:29+08:00,"div[31]/div/div[2]|all-4-one live in davao|smx convention center davao, 3rd floor sm lanang premier, j.p. laurel avenue, lanang, davao|all-4-one live in davao
smx convention center davao, 3rd floor sm lanang premier, j.p. laurel avenue, lanang, davao
dec 15, 2025
buy tickets|https://smtickets.com/events/view/16118"
THE COMEDY OF REX NAVARRETE,"₱1,500",2025-12-02T04:04:09.917820+00:00,,,,
CORAZON,₱750,2025-12-02T04:04:09.917820+00:00,,,,
REX NAVARRETE LIVE IN MANILA,"₱1,500",2025-12-02T04:04:09.917820+00:00,,,,
REX NAVARRETE LIVE AT BRICK WALL,"₱1,500",2025-12-02T04:04:09.917820+00:00,,,,
MEDYO NOCHE 2025,₱550,2025-12-02T04:04:09.917820+00:00,,,,
JINGLE HELLS,₱650,2025-12-02T04:04:09.917820+00:00,,,,
ISKOMEDY MANILA,₱750,2025-12-02T04:04:09.917820+00:00,,,,
QUEZO DE BOBO,₱550,2025-12-02T04:04:09.917820+00:00,,,,
THE KOOLPALS CHOICE AWARDS 2025,"₱1,500",2025-12-02T04:04:09.917820+00:00,,,,
THE VAULT COMEDY NIGHT,₱500,2025-12-02T04:04:09.917820+00:00,,,,
GB LABRADOR LIVE AT BRICK WALL,₱700,2025-12-02T04:04:09.917820+00:00,,,,
"SHAKE, RATTLE & LOL",₱600,2025-12-02T04:04:09.917820+00:00,,,,
TYLA WE WANNA PARTY ASIA in MANILA,"DEC 03, 2025",SM Mall Of Asia Arena,,2025-12-02T04:30:17.010291+00:00,,
DOJA CAT - MA VIE WORLD TOUR,"DEC 07, 2025",SM Mall Of Asia Arena,,2025-12-02T04:30:17.010291+00:00,,
"GET, GET AW THE SEXBOMB CONCERT RAWND 2","DEC 09, 2025",SM Mall Of Asia Arena,,2025-12-02T04:30:17.010291+00:00,,
IV OF SPADES LIVE AT THE MOA ARENA - DEC 12,"DEC 12, 2025",SM Mall Of Asia Arena,,2025-12-02T04:30:17.010291+00:00,,
IV OF SPADES LIVE AT THE MOA ARENA - DEC 13,"DEC 13, 2025",SM Mall Of Asia Arena,,2025-12-02T04:30:17.010291+00:00,,
SM SOUTHMALL MEV BASKETBALL,"DEC 31, 2025",Test Venue,,2025-12-02T04:30:17.010291+00:00,,
div[30]/div/div[2],ONE OK ROCK DETOX ASIA TOUR 2026 IN MANILA,SM Mall Of Asia Arena,"ONE OK ROCK DETOX ASIA TOUR 2026 IN MANILA
SM Mall Of Asia Arena
MAR 04, 2026
BUY TICKETS",https://smtickets.com/events/view/15848,2025-12-02T15:17:15+08:00,"div[30]/div/div[2]|one ok rock detox asia tour 2026 in manila|sm mall of asia arena|one ok rock detox asia tour 2026 in manila
sm mall of asia arena
mar 04, 2026
buy tickets|https://smtickets.com/events/view/15848"
div[30]/div/div[2],2025–26 TREASURE TOUR PULSE ON IN MANILA,SM Mall Of Asia Arena,"2025–26 TREASURE TOUR PULSE ON IN MANILA
SM Mall Of Asia Arena
APR 18, 2026
BUY TICKETS",https://smtickets.com/events/view/15947,2025-12-02T15:17:15+08:00,"div[30]/div/div[2]|2025–26 treasure tour pulse on in manila|sm mall of asia arena|2025–26 treasure tour pulse on in manila
sm mall of asia arena
apr 18, 2026
buy tickets|https://smtickets.com/events/view/15947"
div[30]/div/div[2],IV OF SPADES LIVE AT THE MOA ARENA - DEC 12,SM Mall Of Asia Arena,"IV OF SPADES LIVE AT THE MOA ARENA - DEC 12
SM Mall Of Asia Arena
DEC 12, 2025
BUY TICKETS",https://smtickets.com/events/view/15827,2025-12-02T15:17:15+08:00,"div[30]/div/div[2]|iv of spades live at the moa arena - dec 12|sm mall of asia arena|iv of spades live at the moa arena - dec 12
sm mall of asia arena
dec 12, 2025
buy tickets|https://smtickets.com/events/view/15827"
div[31]/div/div[2],SPACE AND TIME CUBE MUSEUM,Ground Floor S' Maison Seaside Blvd.,"SPACE AND TIME CUBE MUSEUM
Ground Floor S' Maison Seaside Blvd.
JUN 22, 2024 - DEC 31, 2025
BUY TICKETS",https://smtickets.com/events/view/13315,2025-12-02T15:17:31+08:00,"div[31]/div/div[2]|space and time cube museum|ground floor s' maison seaside blvd.|space and time cube museum
ground floor s' maison seaside blvd.
jun 22, 2024 - dec 31, 2025
buy tickets|https://smtickets.com/events/view/13315"
div[31]/div/div[2],2026 KANGIN FANMEETING TOUR STUNNING TOGETHER IN MANILA,"SKYDOME, SM City North Edsa","2026 KANGIN FANMEETING TOUR STUNNING TOGETHER IN MANILA
SKYDOME, SM City North Edsa
JAN 11, 2026
BUY TICKETS",https://smtickets.com/events/view/16184,2025-12-02T15:17:32+08:00,"div[31]/div/div[2]|2026 kangin fanmeeting tour stunning together in manila|skydome, sm city north edsa|2026 kangin fanmeeting tour stunning together in manila
skydome, sm city north edsa
jan 11, 2026
buy tickets|https://smtickets.com/events/view/16184"
div[31]/div/div[2],THE TEMPTING VENOM GINNYJAYNA FANMEETING IN MANILA,"Samsung Hall, SM Aura Premier","THE TEMPTING VENOM GINNYJAYNA FANMEETING IN MANILA
Samsung Hall, SM Aura Premier
DEC 06, 2025
BUY TICKETS",https://smtickets.com/events/view/16156,2025-12-02T15:17:32+08:00,"div[31]/div/div[2]|the tempting venom ginnyjayna fanmeeting in manila|samsung hall, sm aura premier|the tempting venom ginnyjayna fanmeeting in manila
samsung hall, sm aura premier
dec 06, 2025
buy tickets|https://smtickets.com/events/view/16156"
THE COMEDY OF REX NAVARRETE,"₱1,500",2025-12-02T07:17:46.944042+00:00,,,,
CORAZON,₱750,2025-12-02T07:17:46.944042+00:00,,,,
REX NAVARRETE LIVE IN MANILA,"₱1,500",2025-12-02T07:17:46.944042+00:00,,,,
REX NAVARRETE LIVE AT BRICK WALL,"₱1,500",2025-12-02T07:17:46.944042+00:00,,,,
MEDYO NOCHE 2025,₱550,2025-12-02T07:17:46.944042+00:00,,,,
JINGLE HELLS,₱650,2025-12-02T07:17:46.944042+00:00,,,,
ISKOMEDY MANILA,₱750,2025-12-02T07:17:46.944042+00:00,,,,
QUEZO DE BOBO,₱550,2025-12-02T07:17:46.944042+00:00,,,,
THE KOOLPALS CHOICE AWARDS 2025,"₱1,500",2025-12-02T07:17:46.944042+00:00,,,,
THE VAULT COMEDY NIGHT,₱500,2025-12-02T07:17:46.944042+00:00,,,,
GB LABRADOR LIVE AT BRICK WALL,₱700,2025-12-02T07:17:46.944042+00:00,,,,
"SHAKE, RATTLE & LOL",₱600,2025-12-02T07:17:46.944042+00:00,,,,
TYLA WE WANNA PARTY ASIA in MANILA,"DEC 03, 2025",SM Mall Of Asia Arena,,2025-12-02T07:18:05.338704+00:00,,
DOJA CAT - MA VIE WORLD TOUR,"DEC 07, 2025",SM Mall Of Asia Arena,,2025-12-02T07:18:05.338704+00:00,,
"GET, GET AW THE SEXBOMB CONCERT RAWND 2","DEC 09, 2025",SM Mall Of Asia Arena,,2025-12-02T07:18:05.338704+00:00,,
IV OF SPADES LIVE AT THE MOA ARENA - DEC 12,"DEC 12, 2025",SM Mall Of Asia Arena,,2025-12-02T07:18:05.338704+00:00,,
IV OF SPADES LIVE AT THE MOA ARENA - DEC 13,"DEC 13, 2025",SM Mall Of Asia Arena,,2025-12-02T07:18:05.338704+00:00,,
SM SOUTHMALL MEV BASKETBALL,"DEC 31, 2025",Test Venue,,2025-12-02T07:18:05.338704+00:00,,
div[31]/div/div[2],WISP If Not Winter TOUR LIVE IN MANILA,"SKYDOME, SM City North Edsa","WISP If Not Winter TOUR LIVE IN MANILA
SKYDOME, SM City North Edsa
JAN 28, 2026
BUY TICKETS",https://smtickets.com/events/view/16284,2025-12-08T10:32:00+08:00,"div[31]/div/div[2]|wisp if not winter tour live in manila|skydome, sm city north edsa|wisp if not winter tour live in manila
skydome, sm city north edsa
jan 28, 2026
buy tickets|https://smtickets.com/events/view/16284"
PAMASKONG HAMBOG,₱550,2025-12-08T02:32:16.087114+00:00,,,,
CORAZON,₱750,2025-12-08T02:32:16.087114+00:00,,,,
REX NAVARRETE LIVE IN MANILA,"₱1,500",2025-12-08T02:32:16.087114+00:00,,,,
REX NAVARRETE LIVE AT BRICK WALL,"₱1,500",2025-12-08T02:32:16.087114+00:00,,,,
MEDYO NOCHE 2025,₱550,2025-12-08T02:32:16.087114+00:00,,,,
JINGLE HELLS,₱650,2025-12-08T02:32:16.087114+00:00,,,,
QUEZO DE BOBO,₱550,2025-12-08T02:32:16.087114+00:00,,,,
GB LABRADOR LIVE AT BRICK WALL,₱700,2025-12-08T02:32:16.087114+00:00,,,,
"GET, GET AW THE SEXBOMB CONCERT RAWND 2","DEC 09, 2025",SM Mall Of Asia Arena,,2025-12-08T02:32:37.110055+00:00,,
IV OF SPADES LIVE AT THE MOA ARENA - DEC 12,"DEC 12, 2025",SM Mall Of Asia Arena,,2025-12-08T02:32:37.110055+00:00,,
IV OF SPADES LIVE AT THE MOA ARENA - DEC 13,"DEC 13, 2025",SM Mall Of Asia Arena,,2025-12-08T02:32:37.110055+00:00,,
SM SOUTHMALL MEV BASKETBALL,"DEC 31, 2025",Test Venue,,2025-12-08T02:32:37.110055+00:00,,
